code;title;short_title;region;group;chord1;popul2021;nodetype;capital;lat;lon;worldmap
1114;Белгородская область;Белгородская;Центральный ФО;Центральный ФО;Центральный ФО;1540486;ruregion;г. Белгород;50.6;36.6;Белгородская обл.
1115;Брянская область;Брянская;Центральный ФО;Центральный ФО;Центральный ФО;1169161;ruregion;г. Брянск;53.25;34.366667;Брянская обл.
1117;Владимирская область;Владимирская;Центральный ФО;Центральный ФО;Центральный ФО;1348134;ruregion;г. Владимир;56.133333;40.416667;Владимирская обл.
1120;Воронежская область;Воронежская;Центральный ФО;Центральный ФО;Центральный ФО;2308792;ruregion;г. Воронеж;51.671667;39.210556;Воронежская обл.
1124;Ивановская область ;Ивановская;Центральный ФО;Центральный ФО;Центральный ФО;927828;ruregion;г. Иваново;56.996667;40.981944;Ивановская обл.
1129;Калужская область;Калужская;Центральный ФО;Центральный ФО;Центральный ФО;1069904;ruregion;г. Калуга;54.533333;36.266667;Калужская обл.
1134;Костромская область ;Костромская;Центральный ФО;Центральный ФО;Центральный ФО;580976;ruregion;г. Кострома;57.766667;40.933333;Костромская обл.
1138;Курская область;Курская;Центральный ФО;Центральный ФО;Центральный ФО;1082458;ruregion;г. Курск;51.716667;36.183333;Курская обл.
1142;Липецкая область;Липецкая;Центральный ФО;Центральный ФО;Центральный ФО;1143224;ruregion;г. Липецк;52.616667;39.6;Липецкая обл.
1146;Московская область;Московская;Центральный ФО;Москва и МО;Москва и МО;8524665;ruregion;Красногорск;55.81666;37.333333;Московская обл.
1154;Орловская область;Орловская;Центральный ФО;Центральный ФО;Центральный ФО;713374;ruregion;г. Орел;52.966667;36.083333;Орловская обл.
1161;Рязанская область;Рязанская;Центральный ФО;Центральный ФО;Центральный ФО;1102810;ruregion;г. Рязань;54.616667;39.716667;Рязанская обл.
1166;Смоленская область;Смоленская;Центральный ФО;Центральный ФО;Центральный ФО;888421;ruregion;г. Смоленск;54.782778;32.045278;Смоленская обл.
1168;Тамбовская область;Тамбовская;Центральный ФО;Центральный ФО;Центральный ФО;982991;ruregion;г. Тамбов;52.716667;41.433333;Тамбовская обл.
1128;Тверская область;Тверская;Центральный ФО;Центральный ФО;Центральный ФО;1230171;ruregion;г. Тверь;56.857828;35.921928;Тверская обл.
1170;Тульская область;Тульская;Центральный ФО;Центральный ФО;Центральный ФО;1501214;ruregion;г. Тула;54.2;37.616667;Тульская обл.
1178;Ярославская область;Ярославская;Центральный ФО;Центральный ФО;Центральный ФО;1209811;ruregion;г. Ярославль;57.616667;39.85;Ярославская обл.
1145;г. Москва;Москва;Центральный ФО;Москва и МО;Москва и МО;13010112;ruregion;г. Москва;55.755833;37.617778;г. Москва
1186;Республика Карелия;Карелия;Северо-Западный ФО;Северо-Западный ФО;Северо-Западный ФО;533121;ruregion;г. Петрозаводск;61.796111;34.349167;Республика Карелия
1187;Республика Коми;Коми;Северо-Западный ФО;Северо-Западный ФО;Северо-Западный ФО;737853;ruregion;г. Сыктывкар;61.666667;50.816667;Республика Коми
111;Ненецкий автономный округ;НАО;Северо-Западный ФО;Северо-Западный ФО;Северо-Западный ФО;41434;ruregion;г. Нарьян-Мар;67.637778;53.006667;Ненецкий АО
211;Архангельская область (без АО);Архангельская;Северо-Западный ФО;Северо-Западный ФО;Северо-Западный ФО;978873;ruregion;г. Архангельск;64.55;40.533333;Архангельская обл.
1119;Вологодская область;Вологодская;Северо-Западный ФО;Северо-Западный ФО;Северо-Западный ФО;1142827;ruregion;г. Вологда;59.216667;39.9;Вологодская обл.
1127;Калининградская область;Калининградская;Северо-Западный ФО;Северо-Западный ФО;Северо-Западный ФО;1029966;ruregion;г. Калининград;54.716667;20.5;Калининградская обл.
1141;Ленинградская область;Ленинградская;Северо-Западный ФО;Северо-Западный ФО;Северо-Западный ФО;2000997;ruregion;г. Гатчина;59.56841;30.122892;Ленинградская обл.
1147;Мурманская область;Мурманская;Северо-Западный ФО;Северо-Западный ФО;Северо-Западный ФО;667744;ruregion;г. Мурманск;68.966667;33.083333;Мурманская обл.
1149;Новгородская область;Новгородская;Северо-Западный ФО;Северо-Западный ФО;Северо-Западный ФО;583387;ruregion;г. Новгород;58.525;31.275;Новгородская обл.
1158;Псковская область;Псковская;Северо-Западный ФО;Северо-Западный ФО;Северо-Западный ФО;599084;ruregion;г. Псков;57.816667;28.333333;Псковская обл.
1140;г. Санкт-Петербург;СПб;Северо-Западный ФО;Северо-Западный ФО;Северо-Западный ФО;5601911;ruregion;г. Санкт-Петербург;59.95;30.316667;г. Санкт-Петербург
1179;Республика Адыгея;Адыгея;Южный ФО;Южный ФО;Южный ФО;496934;ruregion;г. Майкоп;44.611;40.111;Республика Адыгея (Адыгея)
1185;Республика Калмыкия;Калмыкия;Южный ФО;Южный ФО;Южный ФО;267133;ruregion;г. Элиста;46.316667;44.266667;Республика Калмыкия
1135;Республика Крым;Крым;Южный ФО;Южный ФО;Южный ФО;1934630;ruregion;г. Симферополь;44.948056;34.104167;Республика Крым
1103;Краснодарский край;Краснодарский;Южный ФО;Южный ФО;Южный ФО;5838273;ruregion;г. Краснодар;45.033333;38.983333;Краснодарский край
1112;Астраханская область;Астраханская;Южный ФО;Южный ФО;Южный ФО;960142;ruregion;г. Астрахань;46.333333;48.033333;Астраханская обл.
1118;Волгоградская область;Волгоградская;Южный ФО;Южный ФО;Южный ФО;2500781;ruregion;г. Волгоград;48.711667;44.513889;Волгоградская обл.
1160;Ростовская область;Ростовская;Южный ФО;Южный ФО;Южный ФО;4200729;ruregion;г. Ростов-на-Дону;47.240556;39.710556;Ростовская обл.
1167;г. Севастополь;Севастополь;Южный ФО;Южный ФО;Южный ФО;547820;ruregion;г. Севастополь;44.6;33.533333;город федерального значения Севастополь
1182;Республика Дагестан;Дагестан;Северо-Кавказский ФО;Северо-Кавказский ФО;Южный ФО;3182054;ruregion;г. Махачкала;42.983333;47.5;Республика Дагестан
1126;Республика Ингушетия;Ингушетия;Северо-Кавказский ФО;Северо-Кавказский ФО;Южный ФО;509541;ruregion;г. Магас;43.166667;44.816667;Республика Ингушетия
1183;Кабардино-Балкарская Республика;КБР;Северо-Кавказский ФО;Северо-Кавказский ФО;Южный ФО;904200;ruregion;г. Нальчик;43.485259;43.607072;Кабардино-Балкарская Республика
1191;Карачаево-Черкесская Республика;КЧР;Северо-Кавказский ФО;Северо-Кавказский ФО;Южный ФО;469865;ruregion;г. Черкесск;44.213888;42.04431;Карачаево-Черкесская Республика
1190;Республика Северная Осетия - Алания;Северная Осетия;Северо-Кавказский ФО;Северо-Кавказский ФО;Южный ФО;687357;ruregion;г. Владикавказ;43.01667;44.683315;Республика Северная Осетия - Алания
1196;Чеченская Республика;Чеченская;Северо-Кавказский ФО;Северо-Кавказский ФО;Южный ФО;1510824;ruregion;г. Грозный;43.316667;45.7;Чеченская Республика
1107;Ставропольский край;Ставрополь;Северо-Кавказский ФО;Северо-Кавказский ФО;Южный ФО;2907593;ruregion;г. Ставрополь;45.033333;41.966667;Ставропольский край
1180;Республика Башкортостан;Башкортостан;Приволжский ФО;Приволжский ФО;Приволжский ФО;4091423;ruregion;г. Уфа;54.733333;55.966667;Республика Башкортостан
1188;Республика Марий Эл;Марий Эл;Приволжский ФО;Приволжский ФО;Приволжский ФО;677097;ruregion;г. Йошкар-Ола;56.632778;47.895833;Республика Марий Эл
1189;Республика Мордовия;Мордовия;Приволжский ФО;Приволжский ФО;Приволжский ФО;783552;ruregion;г. Саранск;54.183333;45.183333;Республика Мордовия
1192;Республика Татарстан;Татарстан;Приволжский ФО;Приволжский ФО;Приволжский ФО;4004809;ruregion;г. Казань;55.790833;49.114444;Республика Татарстан (Татарстан)
1194;Удмуртская Республика;Удмуртская;Приволжский ФО;Приволжский ФО;Приволжский ФО;1452914;ruregion;г. Ижевск;56.853056;53.212222;Удмуртская Республика
1197;Чувашская Республика;Чувашская;Приволжский ФО;Приволжский ФО;Приволжский ФО;1186909;ruregion;г. Чебоксары;56.116667;47.233333;Чувашская Республика - Чувашия
1157;Пермский край;Пермский;Приволжский ФО;Приволжский ФО;Приволжский ФО;2532405;ruregion;г. Пермь;58.013889;56.248889;Пермский край
1133;Кировская область;Кировская;Приволжский ФО;Приволжский ФО;Приволжский ФО;1153680;ruregion;г. Киров;58.6;49.65;Кировская обл.
1122;Нижегородская область;Нижегородская;Приволжский ФО;Приволжский ФО;Приволжский ФО;3119115;ruregion;г. Нижний Новгород;56.326944;44.0075;Нижегородская обл.
1153;Оренбургская область;Оренбургская;Приволжский ФО;Приволжский ФО;Приволжский ФО;1862767;ruregion;г. Оренбург;51.766667;55.1;Оренбургская обл.
1156;Пензенская область;Пензенская;Приволжский ФО;Приволжский ФО;Приволжский ФО;1266348;ruregion;г. Пенза;53.2;45;Пензенская обл.
1136;Самарская область;Самарская;Приволжский ФО;Приволжский ФО;Приволжский ФО;3172925;ruregion;г. Самара;53.183333;50.116667;Самарская обл.
1163;Саратовская область;Саратовская;Приволжский ФО;Приволжский ФО;Приволжский ФО;2442575;ruregion;г. Саратов;51.533333;46;Саратовская обл.
1173;Ульяновская область;Ульяновская;Приволжский ФО;Приволжский ФО;Приволжский ФО;1196745;ruregion;г. Ульяновск;54.316667;48.366667;Ульяновская обл.
1137;Курганская область;Курганская;Уральский ФО;Уральский ФО;Уральский ФО;776661;ruregion;г. Курган;55.440833;65.341111;Курганская обл.
1165;Свердловская область;Свердловская;Уральский ФО;Уральский ФО;Уральский ФО;4268998;ruregion;г. Свердловск;56.833333;60.583333;Свердловская обл.
171;Ханты-Мансийский автономный округ – Югра;ХМАО;Уральский ФО;Уральский ФО;Уральский ФО;1711480;ruregion;г. Ханты-Мансийск;61;69;Ханты-Мансийский АО - Югра
271;Ямало-Ненецкий автономный округ;ЯНАО;Уральский ФО;Уральский ФО;Уральский ФО;510490;ruregion;г. Салехард;66.533333;66.633333;Ямало-Ненецкий АО
371;Тюменская область (без АО);Тюменская;Уральский ФО;Уральский ФО;Уральский ФО;1601940;ruregion;г. Тюмень;57.15;65.533333;Тюменская обл.
1175;Челябинская область;Челябинская;Уральский ФО;Уральский ФО;Уральский ФО;3431224;ruregion;г. Челябинск;55.15;61.4;Челябинская обл.
1184;Республика Алтай;Алтай;Сибирский ФО;Сибирский ФО;Сибирский ФО;210924;ruregion;г. Горно-Алтайск;51.96;85.96;Республика Алтай
1193;Республика Тыва;Тыва;Сибирский ФО;Сибирский ФО;Сибирский ФО;336651;ruregion;г. Кызыл;51.7;94.366667;Республика Тыва
1195;Республика Хакасия;Хакасия;Сибирский ФО;Сибирский ФО;Сибирский ФО;534795;ruregion;г. Абакан;53.716667;91.416667;Республика Хакасия
1101;Алтайский край;Алтайский;Сибирский ФО;Сибирский ФО;Сибирский ФО;2163693;ruregion;г. Барнаул;53.347361;83.778333;Алтайский край
1104;Красноярский край;Красноярский;Сибирский ФО;Сибирский ФО;Сибирский ФО;2856971;ruregion;г. Красноярск;56.012083;92.871295;Красноярский край
1125;Иркутская область;Иркутская;Сибирский ФО;Сибирский ФО;Сибирский ФО;2370102;ruregion;г. Иркутск;52.283333;104.3;Иркутская обл.
1132;Кемеровская область - Кузбасс;Кемеровская;Сибирский ФО;Сибирский ФО;Сибирский ФО;2600923;ruregion;г. Кемерово;55.354167;86.089722;Кемеровская обл. - Кузбасс
1150;Новосибирская область;Новосибирская;Сибирский ФО;Сибирский ФО;Сибирский ФО;2797176;ruregion;г. Новосибирск;55.016667;82.916667;Новосибирская обл.
1152;Омская область;Омская;Сибирский ФО;Сибирский ФО;Сибирский ФО;1858798;ruregion;г. Омск;54.966667;73.383333;Омская обл.
1169;Томская область;Томская;Сибирский ФО;Сибирский ФО;Сибирский ФО;1062666;ruregion;г. Томск;56.488611;84.952222;Томская обл.
1181;Республика Бурятия;Бурятия;Дальневосточный ФО;Дальневосточный ФО;Дальневосточный ФО;978588;ruregion;г. Улан-Удэ;51.833333;107.616667;Республика Бурятия
1198;Республика Саха (Якутия);Якутия;Дальневосточный ФО;Дальневосточный ФО;Дальневосточный ФО;995686;ruregion;г. Якутск;62.027222;129.731944;Республика Саха (Якутия)
1176;Забайкальский край;Забайкальский;Дальневосточный ФО;Дальневосточный ФО;Дальневосточный ФО;1004125;ruregion;г. Чита;52.033333;113.5;Забайкальский край
1130;Камчатский край;Камчатский;Дальневосточный ФО;Дальневосточный ФО;Дальневосточный ФО;291705;ruregion;г. Петропавловск-Камчатский;53.016667;158.65;Камчатский край
1105;Приморский край;Приморский;Дальневосточный ФО;Дальневосточный ФО;Дальневосточный ФО;1845165;ruregion;г. Владивосток;43.116667;131.9;Приморский край
1108;Хабаровский край;Хабаровский;Дальневосточный ФО;Дальневосточный ФО;Дальневосточный ФО;1292944;ruregion;г. Хабаровск;48.483333;135.066667;Хабаровский край
1110;Амурская область;Амурская;Дальневосточный ФО;Дальневосточный ФО;Дальневосточный ФО;766912;ruregion;г. Благовещенск;50.257778;127.536389;Амурская обл.
1144;Магаданская область;Магаданская;Дальневосточный ФО;Дальневосточный ФО;Дальневосточный ФО;136085;ruregion;г. Магадан;59.566667;150.8;Магаданская обл.
1164;Сахалинская область;Сахалинская;Дальневосточный ФО;Дальневосточный ФО;Дальневосточный ФО;466609;ruregion;г. Южно-Сахалинск;46.95;142.733333;Сахалинская обл.
1199;Еврейская автономная область;Еврейская;Еврейская;Дальневосточный ФО;Дальневосточный ФО;150453;ruregion;г. Биробиджан;48.783333;132.933333;Еврейская АО
1177;Чукотский автономный округ;ЧАО;Дальневосточный ФО;Дальневосточный ФО;Дальневосточный ФО;47490;ruregion;г. Анадырь;64.733333;177.516667;Чукотский АО
2001;;Абхазия;Западная Азия;Абхазия;Западная Азия;;country;Сухум;43.003333;41.015278;
2002;;Австралия;Австралия и Океания;Австралия и Океания;Австралия и Океания;;country;Канберра;-35.302778;149.141667;Australia
2003;;Австрия;Западная Европа;Западная Европа;Европа;;country;Вена;47.433333;13.65;Austria
2004;;Азербайджан;Западная Азия;Азербайджан;Азербайджан;;country;Баку;40.366656;49.835183;Azerbaijan
2005;;Албания;Южная Европа;Южная Европа;Европа;;country;Тирана;41.33;19.82;Albania
2006;;Алжир;Африка;Африка;Африка;;country;Алжир;36.776389;3.058611;Algeria
2007;;Амер. Самоа;Австралия и Океания;Австралия и Океания;Австралия и Океания;;country;Паго-Паго;-14.273056;-170.702778;American Samoa
2008;;Ангилья;Латинская Америка;Латинская Америка;Латинская Америка;;country;Валли;18.220833;-63.051667;Anguilla
2009;;Ангола;Африка;Африка;Африка;;country;Луанда;-8.833333;13.233333;Angola
2010;;Андорра;Южная Европа;Южная Европа;Европа;;country;Андорра-ла-Велья;42.5;1.5;Andorra
2011;;Антарктида;Антарктида;Австралия и Океания;Австралия и Океания;;country;;-78.464422;106.837328;Antarctica
2012;;Антигуа и Барбуда;Латинская Америка;Латинская Америка;Латинская Америка;;country;Сент-Джонс;17.121111;-61.844722;Antigua and Barb.
2013;;Аргентина;Латинская Америка;Латинская Америка;Латинская Америка;;country;Буэнос-Айрес;-34.599722;-58.381944;Argentina
2014;;Армения;Западная Азия;Армения;Армения;;country;Ереван;40.383333;44.95;Armenia
2015;;Аруба;Латинская Америка;Латинская Америка;Латинская Америка;;country;Ораньестад;12.5;-70.016667;Aruba
2016;;Афганистан;Южная Азия;Афганистан;Южная Азия;;country;Кабул;33.933333;66.183333;Afghanistan
2017;;Багамские О-ва;Латинская Америка;Латинская Америка;Латинская Америка;;country;Нассау;23.916667;-77.666667;Bahamas
2018;;Бангладеш;Южная Азия;Южная Азия;Южная Азия;;country;Дакка;24.016667;89.866667;Bangladesh
2019;;Барбадос;Латинская Америка;Латинская Америка;Латинская Америка;;country;Бриджтаун;13.096111;-59.608333;Barbados
2020;;Бахрейн;Западная Азия;Западная Азия;Западная Азия;;country;Манама;26.233333;50.575;Bahrain
2021;;Белоруссия;Восточная Европа;Белоруссия;Белоруссия;;country;Минск;53.916667;27.55;Belarus
2022;;Белиз;Латинская Америка;Латинская Америка;Латинская Америка;;country;Бельмопан;17.2;-88.7675;Belize
2023;;Бельгия;Западная Европа;Западная Европа;Европа;;country;Брюссель;50.846667;4.3525;Belgium
2024;;Бенин;Африка;Африка;Африка;;country;Порто-Ново;8.833333;2.183333;Benin
2025;;Бермудские О-ва;Латинская Америка;Латинская Америка;Латинская Америка;;country;Гамильтон;32.2975;-64.801389;Bermuda
2026;;Болгария;Восточная Европа;Восточная Европа;Европа;;country;София;42.7;23.333333;Bulgaria
2027;;Боливия;Латинская Америка;Латинская Америка;Латинская Америка;;country;Сукре;-19.059444;-65.255278;Bolivia
2028;;Босния и Герцеговина;Южная Европа;Южная Европа;Европа;;country;Сараево;43.866667;18.416667;Bosnia and Herz.
2029;;Ботсвана;Африка;Африка;Африка;;country;Габороне;-24.656944;25.908611;Botswana
2030;;Бразилия;Латинская Америка;Латинская Америка;Латинская Америка;;country;Бразилиа;-15.798889;-47.866667;Brazil
2031;;Британская Тер-ия;Южная Азия;Южная Азия;Южная Азия;;country;Гамильтон;32.2975;-64.801389;Br. Indian Ocean Ter.
2032;;Бруней;Юго-Восточная Азия;Юго-Восточная Азия;Юго-Восточная Азия;;country;Бандар-Сери-Бегаван;4.891667;114.941667;Brunei
2033;;Буркина-Фасо;Африка;Африка;Африка;;country;Уагадугу;12.266667;-2.066667;Burkina Faso
2034;;Бурунди;Африка;Африка;Африка;;country;Гитега;-3.427778;29.925;Burundi
2035;;Бутан;Южная Азия;Южная Азия;Южная Азия;;country;Тхимпху;27.48333;89.633333;Bhutan
2036;;Вануату;Австралия и Океания;Австралия и Океания;Австралия и Океания;;country;Порт-Вила;-17.75;168.3;Vanuatu
2037;;Венгрия;Восточная Европа;Восточная Европа;Европа;;country;Будапешт;47.516667;19.083333;Hungary
2038;;Венесуэла;Латинская Америка;Латинская Америка;Латинская Америка;;country;Каракас;10.5;-66.933333;Venezuela
2039;;Виргинские О-ва (Брит.);Латинская Америка;Латинская Америка;Латинская Америка;;country;Род-Таун;18.433333;-64.616667;British Virgin Is.
2040;;Виргинские О-ва (США);Латинская Америка;Латинская Америка;Латинская Америка;;country;Шарлотта-Амалия;18.35;-64.95;U.S. Virgin Is.
2041;;Вьетнам;Юго-Восточная Азия;Вьетнам;Юго-Восточная Азия;;country;Ханой;21.1;105.816667;Vietnam
2042;;Габон;Африка;Африка;Африка;;country;Либревиль;0.3901;9.4544;Gabon
2043;;Гаити;Латинская Америка;Латинская Америка;Латинская Америка;;country;Порт-о-Пренс;18.5425;-72.338611;Haiti
2044;;Гайана;Латинская Америка;Латинская Америка;Латинская Америка;;country;Джорджтаун;6.783333;-58.166667;Guyana
2045;;Гамбия;Африка;Африка;Африка;;country;Гамбия;13.5;-15.5;Gambia
2046;;Гана;Африка;Африка;Африка;;country;Аккра;5.55;-0.216667;Ghana
2047;;Гваделупа;Латинская Америка;Латинская Америка;Латинская Америка;;country;Бас-Тер;15.995833;-61.729167;
2048;;Гватемала;Латинская Америка;Латинская Америка;Латинская Америка;;country;Гватемала;14.622778;-90.531389;Guatemala
2049;;Гвинея;Африка;Африка;Африка;;country;Конакри;9.509167;-13.712222;Guinea
2050;;Гвинея-Бисау;Африка;Африка;Африка;;country;Бисау;11.859167;-15.595556;Guinea-Bissau
2051;;Германия;Западная Европа;Германия;Европа;;country;Берлин;52.516667;13.383333;Germany
2052;;Гернси;Западная Европа;Западная Европа;Европа;;country;Сент-Питер-Порт;49.45;-2.55;Guernsey
2053;;Гибралтар;Южная Европа;Южная Европа;Европа;;country;Гибралтар;36.133333;-5.35;Gibraltar
2054;;Гондурас;Латинская Америка;Латинская Америка;Латинская Америка;;country;Тегусигальпа;14.094167;-87.206667;Honduras
2055;;Гонконг;Восточная Азия;Восточная Азия;Восточная Азия;;country;Гонконг;22.416667;114.166667;Hong Kong
2056;;Гренада;Латинская Америка;Латинская Америка;Латинская Америка;;country;Сент-Джорджес;12.044444;-61.741667;Grenada
2057;;Гренландия;Северная Америка;Северная Америка;Северная Америка;;country;Нуук;64.175;-51.733333;Greenland
2058;;Греция;Южная Европа;Южная Европа;Европа;;country;Афины;38;23.716667;Greece
2059;;Грузия;Западная Азия;Грузия;Грузия;;country;Тбилиси;41.716667;44.8;Georgia
2060;;ГУАМ;Австралия и Океания;Австралия и Океания;Австралия и Океания;;country;Хагатна;13.483333;144.75;Guam
2061;;Дания;Северная Европа;Северная Европа;Европа;;country;Копенгаген;55.686944;12.583333;Denmark
2062;;Джибути;Африка;Африка;Африка;;country;Джибути;11.595;43.148056;Djibouti
2063;;Доминика;Латинская Америка;Латинская Америка;Латинская Америка;;country;Розо;15.3;-61.383333;Dominica
2064;;Доминиканская Респ.;Латинская Америка;Латинская Америка;Латинская Америка;;country;Санто-Доминго;18.476389;-69.893333;Dominican Rep.
2065;;Египет;Африка;Египет;Египет;;country;Каир;30.056111;31.239444;Egypt
2066;;Замбия;Африка;Африка;Африка;;country;Лусака;-15.416667;28.283333;Zambia
2067;;Западная Сахара;Африка;Африка;Африка;;country;Эль-Аюн;27.153611;-13.203333;W. Sahara
2068;;Зимбабве;Африка;Африка;Африка;;country;Хараре;-17.863889;31.029722;Zimbabwe
2069;;Израиль;Западная Азия;Израиль;Западная Азия;;country;Иерусалим;31.783333;35.233333;Israel
2070;;Индия;Южная Азия;Индия;Южная Азия;;country;Нью-Дели;28.7;77.2;India
2071;;Индонезия;Австралия и Океания;Австралия и Океания;Австралия и Океания;;country;Джакарта;-6.166667;106.8;Indonesia
2072;;Иордания;Западная Азия;Иордания;Западная Азия;;country;Амман;31.95;35.916667;Jordan
2073;;Ирак;Западная Азия;Ирак;Западная Азия;;country;Багдад;33.333333;44.383333;Iraq
2074;;Иран;Южная Азия;Южная Азия;Южная Азия;;country;Тегеран;35.7;51.416667;Iran
2075;;Ирландия;Северная Европа;Северная Европа;Европа;;country;Дублин;53.333333;-6.266667;Ireland
2076;;Исландия;Северная Европа;Северная Европа;Европа;;country;Рейкьявик;64.15;-21.883333;Iceland
2077;;Испания;Южная Европа;Южная Европа;Европа;;country;Мадрид;40.4;-3.683333;Spain
2078;;Италия;Южная Европа;Южная Европа;Европа;;country;Рим;41.9;12.5;Italy
2079;;Йемен;Западная Азия;Западная Азия;Западная Азия;;country;Сана;15.35;44.2;Yemen
2080;;Кабо-Верде;Африка;Африка;Африка;;country;Прая;14.916667;-23.516667;Cabo Verde
2081;;Казахстан;Центральная Азия;Казахстан;Казахстан;;country;Астана;51.133333;71.433333;Kazakhstan
2082;;Камбоджа;Юго-Восточная Азия;Юго-Восточная Азия;Юго-Восточная Азия;;country;Пномпень;11.55;104.916667;Cambodia
2083;;Камерун;Африка;Африка;Африка;;country;Яунде;3.866667;11.516667;Cameroon
2084;;Канада;Северная Америка;Северная Америка;Северная Америка;;country;Оттава;45.424722;-75.695;Canada
2085;;Катар;Западная Азия;Западная Азия;Западная Азия;;country;Доха;25.3;51.516667;Qatar
2086;;Кения;Африка;Африка;Африка;;country;Найроби;-1.283333;36.816667;Kenya
2087;;Кипр;Западная Азия;Западная Азия;Западная Азия;;country;Никосия;35.166667;33.366667;Cyprus
2088;;Кыргызстан;Центральная Азия;Кыргызстан;Кыргызстан;;country;Бишкек;41.216667;75;Kyrgyzstan
2089;;Кирибати;Австралия и Океания;Австралия и Океания;Австралия и Океания;;country;Южная Тарава;1.4;172.966667;Kiribati
2090;;Китай;Восточная Азия;Китай;Китай;;country;Пекин;39.90403;116.407526;China
2091;;Колумбия;Латинская Америка;Латинская Америка;Латинская Америка;;country;Богота;4.598889;-74.080833;Colombia
2092;;Коморы;Африка;Африка;Африка;;country;Морони;-11.703611;43.253611;Comoros
2093;;Конго;Африка;Африка;Африка;;country;Браззавиль;-4.266667;15.283333;Congo
2094;;Дем. Респ. Конго;Африка;Африка;Африка;;country;Киншаса;-4.331667;15.313889;Dem. Rep. Congo
2095;;КНДР;Восточная Азия;КНДР;Восточная Азия;;country;Пхеньян;39.748889;126.404722;North Korea
2096;;Республика Корея;Восточная Азия;Восточная Азия;Восточная Азия;;country;Сеул;37.583333;127;South Korea
2097;;Коста-Рика;Латинская Америка;Латинская Америка;Латинская Америка;;country;Сан-Хосе;9.933333;-84.083333;Costa Rica
2098;;Кот-д’Ивуар;Африка;Африка;Африка;;country;Ямусукро;6.833333;-5.25;C?te d'Ivoire
2099;;Куба;Латинская Америка;Латинская Америка;Латинская Америка;;country;Гавана;23.116667;-82.383333;Cuba
2100;;Кувейт;Западная Азия;Западная Азия;Западная Азия;;country;Эль-Кувейт;29.375;47.98;Kuwait
2101;;Лаос;Юго-Восточная Азия;Юго-Восточная Азия;Юго-Восточная Азия;;country;Вьентьян;17.966667;102.6;Laos
2102;;Латвия;Северная Европа;Латвия;Европа;;country;Рига;56.9475;24.106944;Latvia
2103;;Лесото;Африка;Африка;Африка;;country;Масеру;-29.566667;28.283333;Lesotho
2104;;Либерия;Африка;Африка;Африка;;country;Монровия;6.310556;-10.804722;Liberia
2105;;Ливан;Западная Азия;Западная Азия;Западная Азия;;country;Бейрут;33.886944;35.513056;Lebanon
2106;;Ливия;Африка;Африка;Африка;;country;Триполи;32.9;13.183333;Libya
2107;;Литва;Северная Европа;Литва;Европа;;country;Вильнюс;54.683333;25.283333;Lithuania
2108;;Лихтенштейн;Западная Европа;Западная Европа;Европа;;country;Вадуц;47.139722;9.521944;Liechtenstein
2109;;Люксембург;Западная Европа;Западная Европа;Европа;;country;Люксембург;49.611649;6.129947;Luxembourg
2110;;Маврикий;Африка;Африка;Африка;;country;Порт-Луи;-20.166667;57.5;Mauritius
2111;;Мавритания;Африка;Африка;Африка;;country;Нуакшот;18.078333;-15.974444;Mauritania
2112;;Мадагаскар;Африка;Африка;Африка;;country;Антананариву;-18.91;47.525;Madagascar
2113;;Майотта;Африка;Африка;Африка;;country;Мамуцу;-12.780556;45.227778;
2114;;Макао;Восточная Азия;Восточная Азия;Восточная Азия;;country;Макао;22.198;113.5473;Macao
2115;;Малави;Африка;Африка;Африка;;country;Лилонгве;-13.983333;33.783333;Malawi
2116;;Малайзия;Юго-Восточная Азия;Юго-Восточная Азия;Юго-Восточная Азия;;country;Куала-Лумпур;3.159722;101.7;Malaysia
2117;;Мали;Африка;Африка;Африка;;country;Бамако;12.645833;-7.992222;Mali
2118;;Внешние о-ва США;Австралия и Океания;Австралия и Океания;Австралия и Океания;;country;;5.883333;-162.083333;
2119;;Мальдивы;Южная Азия;Южная Азия;Южная Азия;;country;Мале;4.175278;73.508889;Maldives
2120;;Мальта;Южная Европа;Южная Европа;Европа;;country;Валлетта;35.897778;14.5125;Malta
2121;;Марокко;Африка;Марокко;Марокко;;country;Рабат;34.025278;-6.836111;Morocco
2122;;Мартиника;Латинская Америка;Латинская Америка;Латинская Америка;;country;Фор-де-Франс;14.599722;-61.083056;
2123;;Маршалловы О-ва;Австралия и Океания;Австралия и Океания;Австралия и Океания;;country;Маджуро;7.066667;171.266667;Marshall Is.
2124;;Мексика;Латинская Америка;Латинская Америка;Латинская Америка;;country;Мехико;19.419444;-99.145556;Mexico
2125;;Микронезия;Австралия и Океания;Австралия и Океания;Австралия и Океания;;country;Паликир;6.917778;158.185;Micronesia
2126;;Мозамбик;Африка;Африка;Африка;;country;Мапуту;-25.915278;32.576389;Mozambique
2127;;Молдова;Восточная Европа;Молдова;Молдова;;country;Кишинёв;47.022778;28.835278;Moldova
2128;;Монако;Западная Европа;Западная Европа;Европа;;country;Монако;43.730556;7.423611;Monaco
2129;;Монголия;Восточная Азия;Восточная Азия;Восточная Азия;;country;Улан-Батор;47.916667;106.916667;Mongolia
2130;;Монтсеррат;Латинская Америка;Латинская Америка;Латинская Америка;;country;Брейдс;16.792778;-62.210556;Montserrat
2131;;Мьянма;Юго-Восточная Азия;Юго-Восточная Азия;Юго-Восточная Азия;;country;Нейпьидо;19.7285;96.087889;Myanmar
2132;;Намибия;Африка;Африка;Африка;;country;Виндхук;-22.57;17.083611;Namibia
2133;;Непал;Южная Азия;Южная Азия;Южная Азия;;country;Катманду;27.716667;85.366667;Nepal
2134;;Нигер;Африка;Африка;Африка;;country;Ниамей;13.508611;2.111111;Niger
2135;;Нигерия;Африка;Нигерия;Африка;;country;Абуджа;9.366667;8.083333;Nigeria
2136;;Нид. Антильские о-ва;Латинская Америка;Латинская Америка;Латинская Америка;;country;Виллемстад;12.116667;-68.933333;
2137;;Нидерланды;Западная Европа;Западная Европа;Европа;;country;Амстердам;52.383333;4.9;Netherlands
2138;;Никарагуа;Латинская Америка;Латинская Америка;Латинская Америка;;country;Манагуа;12.15;-86.266667;Nicaragua
2139;;Ниуэ;Австралия и Океания;Австралия и Океания;Австралия и Океания;;country;Алофи;-19.066667;-169.916667;Niue
2140;;Новая Зеландия;Австралия и Океания;Австралия и Океания;Австралия и Океания;;country;Веллингтон;-41.288889;174.777222;New Zealand
2141;;Новая Каледония;Австралия и Океания;Австралия и Океания;Австралия и Океания;;country;Нумеа;-22.266667;166.45;New Caledonia
2142;;Норвегия;Северная Европа;Северная Европа;Европа;;country;Осло;59.911111;10.752778;Norway
2143;;ОАЭ;Западная Азия;Западная Азия;Западная Азия;;country;Абу-Даби;24.451111;54.396944;United Arab Emirates
2144;;Оман;Западная Азия;Западная Азия;Западная Азия;;country;Маскат;23.6;58.583333;Oman
2145;;Остров Буве;Африка;Африка;Африка;;country;;-54.433333;3.4;
2146;;Острова Кука;Австралия и Океания;Австралия и Океания;Австралия и Океания;;country;Аваруа;-21.2;-159.766667;Cook Is.
2147;;Остров Рождества;Австралия и Океания;Австралия и Океания;Австралия и Океания;;country;Флайинг-Фиш-Ков;-10.483333;105.633333;
2148;;Теркс и Кайкос;Латинская Америка;Латинская Америка;Латинская Америка;;country;Коберн-Таун;21.460278;-71.141389;Turks and Caicos Is.
2149;;О-ва Херд и Макдональд;Австралия и Океания;Австралия и Океания;Австралия и Океания;;country;Херд;-53.1;73.5;Heard I. and McDonald Is.
2150;;Пакистан;Южная Азия;Южная Азия;Южная Азия;;country;Исламабад;33.666667;73.166667;Pakistan
2151;;Палау;Австралия и Океания;Австралия и Океания;Австралия и Океания;;country;Корор;7.34333;134.48042;Palau
2152;;Палестинская тер-ия;Западная Азия;Западная Азия;Западная Азия;;country;Рамалла;31.896944;35.201667;Palestine
2153;;Панама;Латинская Америка;Латинская Америка;Латинская Америка;;country;Панама;8.95;-79.533333;Panama
2154;;Ватикан;Южная Европа;Южная Европа;Европа;;country;Ватикан;41.903417;12.453389;Vatican
2155;;Новая Гвинея;Австралия и Океания;Австралия и Океания;Австралия и Океания;;country;Порт-Морсби;-9.45;147.188889;Papua New Guinea
2156;;Парагвай;Латинская Америка;Латинская Америка;Латинская Америка;;country;Асунсьон;-23.266667;-58.2;Paraguay
2157;;Перу;Латинская Америка;Латинская Америка;Латинская Америка;;country;Лима;-12.035;-77.018611;Peru
2158;;Питкерн;Австралия и Океания;Австралия и Океания;Австралия и Океания;;country;Адамстаун;-25.066667;-130.1;Pitcairn Is.
2159;;Польша;Восточная Европа;Восточная Европа;Европа;;country;Варшава;52.216667;21.033333;Poland
2160;;Португалия;Южная Европа;Южная Европа;Европа;;country;Лиссабон;38.716667;-9.166667;Portugal
2161;;Пуэрто-Рико;Латинская Америка;Латинская Америка;Латинская Америка;;country;Сан-Хуан;18.45;-66.066667;Puerto Rico
2162;;Реюньон;Африка;Африка;Африка;;country;Сен-Дени;-20.883333;55.516667;
2163;;Руанда;Африка;Африка;Африка;;country;Кигали;-1.953611;30.060556;Rwanda
2164;;Румыния;Восточная Европа;Восточная Европа;Европа;;country;Бухарест;44.4;26.083333;Romania
2165;;Самоа;Австралия и Океания;Австралия и Океания;Австралия и Океания;;country;Апиа;-13.833333;-171.833333;Samoa
2166;;Сан-Марино;Южная Европа;Южная Европа;Европа;;country;Сан-Марино;43.933889;12.446667;San Marino
2167;;Сан-Томе и Принсипи;Африка;Африка;Африка;;country;Сан-Томе;0.333333;6.733333;S?o Tom? and Principe
2168;;Саудовская Аравия;Западная Азия;Западная Азия;Западная Азия;;country;Эр-Рияд;24.65;46.71;Saudi Arabia
2169;;О-в Святой Елены;Африка;Африка;Африка;;country;Джеймстаун;-15.916667;-5.716667;Saint Helena
2170;;Северная Македония;Южная Европа;Южная Европа;Европа;;country;Скопье;41.983333;21.433333;Macedonia
2171;;Сев. Марианские О-ва;Австралия и Океания;Австралия и Океания;Австралия и Океания;;country;Сайпан;15.1833;145.75;N. Mariana Is.
2172;;Сейшелы;Африка;Африка;Африка;;country;Виктория;-4.630833;55.461944;Seychelles
2173;;Сенегал;Африка;Африка;Африка;;country;Дакар;14.731944;-17.457222;Senegal
2174;;Сент-Винсент и Грен.;Латинская Америка;Латинская Америка;Латинская Америка;;country;Кингстаун;13.166667;-61.233333;St. Vin. and Gren.
2175;;Сент-Китс и Невис;Латинская Америка;Латинская Америка;Латинская Америка;;country;Бастер;17.298333;62.734167;St. Kitts and Nevis
2176;;Сербия;Южная Европа;Сербия;Европа;;country;Белград;44.816667;20.466667;Serbia
2177;;Сингапур;Юго-Восточная Азия;Юго-Восточная Азия;Юго-Восточная Азия;;country;Сингапур;1.35;103.85;Singapore
2178;;Сирия;Западная Азия;Сирия;Западная Азия;;country;Дамаск;33.513056;36.291944;Syria
2179;;Словакия;Восточная Европа;Восточная Европа;Европа;;country;Братислава;48.144722;17.112778;Slovakia
2180;;Словения;Южная Европа;Южная Европа;Европа;;country;Любляна;46.05;14.5;Slovenia
2181;;Великобритания;Северная Европа;Северная Европа;Европа;;country;Лондон;51.507222;-0.1275;United Kingdom
2182;;США;Северная Америка;США;Северная Америка;;country;Вашингтон;38.895;-77.036667;United States of America
2183;;Соломоновы О-ва;Австралия и Океания;Австралия и Океания;Австралия и Океания;;country;Хониара;-9.4337;159.956;Solomon Is.
2184;;Сомали;Африка;Африка;Африка;;country;Могадишо;2.040833;45.3425;Somalia
2185;;Судан;Африка;Африка;Африка;;country;Хартум;15.566667;32.6;Sudan
2187;;Суринам;Латинская Америка;Латинская Америка;Латинская Америка;;country;Парамарибо;5.866667;-55.166667;Suriname
2188;;Сьерра-Леоне;Африка;Африка;Африка;;country;Фритаун;8.483333;-13.233056;Sierra Leone
2189;;Таджикистан;Центральная Азия;Таджикистан;Таджикистан;;country;Душанбе;38.573056;68.786389;Tajikistan
2190;;Таиланд;Юго-Восточная Азия;Юго-Восточная Азия;Юго-Восточная Азия;;country;Бангкок;13.75;100.516667;Thailand
2191;;Тайвань;Восточная Азия;Восточная Азия;Восточная Азия;;country;Тайбэй;25.033333;121.533333;Taiwan
2192;;Танзания;Африка;Африка;Африка;;country;Додома;-6.25;35.75;Tanzania
2193;;Того;Африка;Африка;Африка;;country;Ломе;6.131944;1.222778;Togo
2194;;Токелау;Австралия и Океания;Австралия и Океания;Австралия и Океания;;country;Атафу;-8.551667;-172.500833;
2195;;Тонга;Австралия и Океания;Австралия и Океания;Австралия и Океания;;country;Нукуалофа;-21.134722;-175.208333;Tonga
2196;;Тринидад и Тобаго;Латинская Америка;Латинская Америка;Латинская Америка;;country;Порт-оф-Спейн;10.666667;-61.516667;Trinidad and Tobago
2197;;Тувалу;Австралия и Океания;Австралия и Океания;Австралия и Океания;;country;Фунафути;-8.516667;179.216667;Tuvalu
2198;;Тунис;Африка;Африка;Африка;;country;Тунис;36.800833;10.18;Tunisia
2199;;Туркменистан;Центральная Азия;Туркменистан;Туркменистан;;country;Ашхабад;37.95;58.383333;Turkmenistan
2200;;Турция;Западная Азия;Турция;Западная Азия;;country;Анкара;39;35;Turkey
2201;;Уганда;Африка;Африка;Африка;;country;Кампала;0.3;32.633333;Uganda
2202;;Узбекистан;Центральная Азия;Узбекистан;Узбекистан;;country;Ташкент;41.3;69.25;Uzbekistan
2203;;Украина;Восточная Европа;Украина;Украина;;country;Киев;50.45;30.516667;Ukraine
2204;;Уоллис и Футуна;Австралия и Океания;Австралия и Океания;Австралия и Океания;;country;Мата-Уту;-13.282306;-176.176722;Wallis and Futuna Is.
2205;;Уругвай;Латинская Америка;Латинская Америка;Латинская Америка;;country;Монтевидео;-34.866944;-56.166667;Uruguay
2206;;Фарерские о-ва;Северная Европа;Северная Европа;Европа;;country;Торсхавн;62;-6.783333;Faeroe Is.
2207;;Фиджи;Австралия и Океания;Австралия и Океания;Австралия и Океания;;country;Сува;-18.133333;178.433333;Fiji
2208;;Филиппины;Юго-Восточная Азия;Юго-Восточная Азия;Юго-Восточная Азия;;country;Манила;14.583333;121;Philippines
2209;;Финляндия;Северная Европа;Северная Европа;Европа;;country;Хельсинки;64.35;26.65;Finland
2210;;Фолклендские о-ва;Латинская Америка;Латинская Америка;Латинская Америка;;country;Стэнли;-51.691944;-57.858889;Falkland Is.
2211;;Франция;Западная Европа;Западная Европа;Европа;;country;Париж;48.833333;2.333333;France
2212;;Гвиана;Латинская Америка;Латинская Америка;Латинская Америка;;country;Кайенна;4.933333;-52.333333;
2213;;Франц. Полинезия;Австралия и Океания;Австралия и Океания;Австралия и Океания;;country;Папеэте;-17.533333;-149.566667;Fr. Polynesia
2214;;Франц. Южн. тер-ии;Южная Азия;Южная Азия;Южная Азия;;country;Сен-Пьер;-21.341944;55.477778;Fr. S. Antarctic Lands
2215;;Хорватия;Южная Европа;Южная Европа;Европа;;country;Загреб;45.8;15.95;Croatia
2216;;ЦАР;Африка;Африка;Африка;;country;Банги;4.361389;18.555278;Central African Rep.
2217;;Чад;Африка;Африка;Африка;;country;Нджамена;12.116389;15.072222;Chad
2218;;Черногория;Южная Европа;Южная Европа;Европа;;country;Подгорица;42.833333;19.166667;Montenegro
2219;;Чехия;Восточная Европа;Восточная Европа;Европа;;country;Прага;49.85;15.466667;Czechia
2220;;Чили;Латинская Америка;Латинская Америка;Латинская Америка;;country;Сантьяго;-37.933333;-72.333333;Chile
2221;;Швейцария;Западная Европа;Западная Европа;Европа;;country;Берн;46.95;7.45;Switzerland
2222;;Швеция;Северная Европа;Северная Европа;Европа;;country;Стокгольм;59.333333;18.066667;Sweden
2223;;Шри-Ланка;Южная Азия;Южная Азия;Южная Азия;;country;Шри-Джаяварденепура-Котте;6.910833;79.887778;Sri Lanka
2224;;Эквадор;Латинская Америка;Латинская Америка;Латинская Америка;;country;Кито;-0.218611;-78.509722;Ecuador
2225;;Экватор. Гвинея;Африка;Африка;Африка;;country;Малабо;3.752407;8.775265;Eq. Guinea
2226;;Аландские о-ва;Северная Европа;Северная Европа;Европа;;country;Мариехамн;60.098611;19.944444;
2227;;Сальвадор;Латинская Америка;Латинская Америка;Латинская Америка;;country;Сан-Сальвадор;13.683333;-89.183333;El Salvador
2228;;Эритрея;Африка;Африка;Африка;;country;Асмэра;15.333333;38.916667;Eritrea
2229;;Эсватини;Африка;Африка;Африка;;country;Мбабане;-26.320833;31.161667;eSwatini
2230;;Эстония;Северная Европа;Эстония;Европа;;country;Таллин;59.433333;24.75;Estonia
2231;;Эфиопия;Африка;Африка;Африка;;country;Аддис-Абеба;8.993335;38.726911;Ethiopia
2232;;ЮАР;Африка;Африка;Африка;;country;Претория;-25.746442;28.188048;South Africa
2233;;Южная Осетия;Западная Азия;Западная Азия;Западная Азия;;country;Цхинвал;42.225661;43.970072;
2234;;Южный Судан;Африка;Африка;Африка;;country;Джуба;4.85;31.6;
2235;;Ямайка;Латинская Америка;Латинская Америка;Латинская Америка;;country;Кингстон;17.983333;-76.8;Jamaica
2236;;Япония;Восточная Азия;Восточная Азия;Восточная Азия;;country;Токио;35.7;139.6;Japan
2237;;Норфолк;Австралия и Океания;Австралия и Океания;Австралия и Океания;;country;Кингстон;-29.066667;167.966667;Norfolk Island
2238;;Лесото;Африка;Африка;Африка;;country;Масеру;-29.322222;27.487778;
2239;;Сен-Пьер и Микелон;Северная Америка;Северная Америка;Северная Америка;;country;Сен-Пьер;46.777778;-56.177778;St. Pierre and Miquelon
2250;;Другие страны;Другие страны;Другие страны;Другие страны;;country;;;;
